Workbook

Sheet Pedidos
A1: Pedido | B1: Data_Pedido | C1: Cliente | D1: Regiao | E1: Valor_Pedido | F1: Data_Prevista | G1: Data_Entrega | H1: Status | I1: Dias_Atraso | J1: Situacao_Entrega
A2: 1001 | B2: 46027 | C2: Cliente A | D2: Sudeste | E2: 450 | F2: 46032 | G2: 46031 | H2: Entregue | I2: =IF(H2="Cancelado","",IF(G2<>"",MAX(G2-F2,0),MAX(Listas!$A$2-F2,0))) -> 0 | J2: =IF(H2="Cancelado","Cancelado",IF(G2<>"",IF(I2>0,"Entregue com atraso","Entregue no prazo"),IF(I2>0,"Pendente em atraso","Pendente no prazo"))) -> Entregue no prazo
A3: 1002 | B3: 46029 | C3: Cliente B | D3: Sul | E3: 780 | F3: 46034 | G3: 46036 | H3: Entregue | I3: =IF(H3="Cancelado","",IF(G3<>"",MAX(G3-F3,0),MAX(Listas!$A$2-F3,0))) -> 2 | J3: =IF(H3="Cancelado","Cancelado",IF(G3<>"",IF(I3>0,"Entregue com atraso","Entregue no prazo"),IF(I3>0,"Pendente em atraso","Pendente no prazo"))) -> Entregue com atraso
A4: 1003 | B4: 46032 | C4: Cliente C | D4: Nordeste | E4: 320 | F4: 46038 | G4: 46038 | H4: Entregue | I4: =IF(H4="Cancelado","",IF(G4<>"",MAX(G4-F4,0),MAX(Listas!$A$2-F4,0))) -> 0 | J4: =IF(H4="Cancelado","Cancelado",IF(G4<>"",IF(I4>0,"Entregue com atraso","Entregue no prazo"),IF(I4>0,"Pendente em atraso","Pendente no prazo"))) -> Entregue no prazo
A5: 1004 | B5: 46036 | C5: Cliente D | D5: Sudeste | E5: 1200 | F5: 46042 | G5: 46045 | H5: Entregue | I5: =IF(H5="Cancelado","",IF(G5<>"",MAX(G5-F5,0),MAX(Listas!$A$2-F5,0))) -> 3 | J5: =IF(H5="Cancelado","Cancelado",IF(G5<>"",IF(I5>0,"Entregue com atraso","Entregue no prazo"),IF(I5>0,"Pendente em atraso","Pendente no prazo"))) -> Entregue com atraso
A6: 1005 | B6: 46041 | C6: Cliente E | D6: Centro-Oeste | E6: 560 | F6: 46048 | G6: 46047 | H6: Entregue | I6: =IF(H6="Cancelado","",IF(G6<>"",MAX(G6-F6,0),MAX(Listas!$A$2-F6,0))) -> 0 | J6: =IF(H6="Cancelado","Cancelado",IF(G6<>"",IF(I6>0,"Entregue com atraso","Entregue no prazo"),IF(I6>0,"Pendente em atraso","Pendente no prazo"))) -> Entregue no prazo
A7: 1006 | B7: 46047 | C7: Cliente F | D7: Norte | E7: 890 | F7: 46055 | G7: 46054 | H7: Entregue | I7: =IF(H7="Cancelado","",IF(G7<>"",MAX(G7-F7,0),MAX(Listas!$A$2-F7,0))) -> 0 | J7: =IF(H7="Cancelado","Cancelado",IF(G7<>"",IF(I7>0,"Entregue com atraso","Entregue no prazo"),IF(I7>0,"Pendente em atraso","Pendente no prazo"))) -> Entregue no prazo
A8: 1007 | B8: 46056 | C8: Cliente G | D8: Sudeste | E8: 650 | F8: 46062 | G8: 46062 | H8: Entregue | I8: =IF(H8="Cancelado","",IF(G8<>"",MAX(G8-F8,0),MAX(Listas!$A$2-F8,0))) -> 0 | J8: =IF(H8="Cancelado","Cancelado",IF(G8<>"",IF(I8>0,"Entregue com atraso","Entregue no prazo"),IF(I8>0,"Pendente em atraso","Pendente no prazo"))) -> Entregue no prazo
A9: 1008 | B9: 46061 | C9: Cliente H | D9: Sul | E9: 940 | F9: 46068 | G9: 46071 | H9: Entregue | I9: =IF(H9="Cancelado","",IF(G9<>"",MAX(G9-F9,0),MAX(Listas!$A$2-F9,0))) -> 3 | J9: =IF(H9="Cancelado","Cancelado",IF(G9<>"",IF(I9>0,"Entregue com atraso","Entregue no prazo"),IF(I9>0,"Pendente em atraso","Pendente no prazo"))) -> Entregue com atraso
A10: 1009 | B10: 46065 | C10: Cliente I | D10: Nordeste | E10: 410 | F10: 46072 | H10: Em transporte | I10: =IF(H10="Cancelado","",IF(G10<>"",MAX(G10-F10,0),MAX(Listas!$A$2-F10,0))) -> 9 | J10: =IF(H10="Cancelado","Cancelado",IF(G10<>"",IF(I10>0,"Entregue com atraso","Entregue no prazo"),IF(I10>0,"Pendente em atraso","Pendente no prazo"))) -> Pendente em atraso
A11: 1010 | B11: 46070 | C11: Cliente J | D11: Sudeste | E11: 1500 | F11: 46077 | H11: Em transporte | I11: =IF(H11="Cancelado","",IF(G11<>"",MAX(G11-F11,0),MAX(Listas!$A$2-F11,0))) -> 4 | J11: =IF(H11="Cancelado","Cancelado",IF(G11<>"",IF(I11>0,"Entregue com atraso","Entregue no prazo"),IF(I11>0,"Pendente em atraso","Pendente no prazo"))) -> Pendente em atraso
A12: 1011 | B12: 46075 | C12: Cliente K | D12: Centro-Oeste | E12: 730 | F12: 46081 | H12: Em preparação | I12: =IF(H12="Cancelado","",IF(G12<>"",MAX(G12-F12,0),MAX(Listas!$A$2-F12,0))) -> 0 | J12: =IF(H12="Cancelado","Cancelado",IF(G12<>"",IF(I12>0,"Entregue com atraso","Entregue no prazo"),IF(I12>0,"Pendente em atraso","Pendente no prazo"))) -> Pendente no prazo
A13: 1012 | B13: 46079 | C13: Cliente L | D13: Norte | E13: 280 | F13: 46086 | H13: Cancelado | I13: =IF(H13="Cancelado","",IF(G13<>"",MAX(G13-F13,0),MAX(Listas!$A$2-F13,0))) | J13: =IF(H13="Cancelado","Cancelado",IF(G13<>"",IF(I13>0,"Entregue com atraso","Entregue no prazo"),IF(I13>0,"Pendente em atraso","Pendente no prazo"))) -> Cancelado

Sheet Listas
A1: Data de referência | C1: Regioes
A2: 46081 | C2: Todas
C3: Sudeste
C4: Sul
C5: Nordeste
C6: Centro-Oeste
C7: Norte

Sheet Analises
A1: Indicador | B1: Valor | D1: Situacao | E1: Quantidade | G1: Regiao | H1: Pendentes_em_atraso
A2: Total de pedidos | B2: =IF(Dashboard!$F$2="Todas",COUNTA(Pedidos!A2:A1000),COUNTIF(Pedidos!D2:D1000,Dashboard!$F$2)) -> 12 | D2: Entregue no prazo | E2: =IF(Dashboard!$F$2="Todas",COUNTIF(Pedidos!$J$2:$J1000,D2),COUNTIFS(Pedidos!$J$2:$J1000,D2,Pedidos!$D$2:$D1000,Dashboard!$F$2)) -> 5 | G2: Sudeste | H2: =COUNTIFS(Pedidos!$D$2:$D1000,G2,Pedidos!$J$2:$J1000,"Pendente em atraso") -> 1
A3: Pedidos entregues | B3: =IF(Dashboard!$F$2="Todas",COUNTIF(Pedidos!H2:H1000,"Entregue"),COUNTIFS(Pedidos!H2:H1000,"Entregue",Pedidos!D2:D1000,Dashboard!$F$2)) -> 8 | D3: Entregue com atraso | E3: =IF(Dashboard!$F$2="Todas",COUNTIF(Pedidos!$J$2:$J1000,D3),COUNTIFS(Pedidos!$J$2:$J1000,D3,Pedidos!$D$2:$D1000,Dashboard!$F$2)) -> 3 | G3: Sul | H3: =COUNTIFS(Pedidos!$D$2:$D1000,G3,Pedidos!$J$2:$J1000,"Pendente em atraso") -> 0
A4: Pendentes em atraso | B4: =IF(Dashboard!$F$2="Todas",COUNTIF(Pedidos!J2:J1000,"Pendente em atraso"),COUNTIFS(Pedidos!J2:J1000,"Pendente em atraso",Pedidos!D2:D1000,Dashboard!$F$2)) -> 2 | D4: Pendente em atraso | E4: =IF(Dashboard!$F$2="Todas",COUNTIF(Pedidos!$J$2:$J1000,D4),COUNTIFS(Pedidos!$J$2:$J1000,D4,Pedidos!$D$2:$D1000,Dashboard!$F$2)) -> 2 | G4: Nordeste | H4: =COUNTIFS(Pedidos!$D$2:$D1000,G4,Pedidos!$J$2:$J1000,"Pendente em atraso") -> 1
A5: Pedidos cancelados | B5: =IF(Dashboard!$F$2="Todas",COUNTIF(Pedidos!H2:H1000,"Cancelado"),COUNTIFS(Pedidos!H2:H1000,"Cancelado",Pedidos!D2:D1000,Dashboard!$F$2)) -> 1 | D5: Pendente no prazo | E5: =IF(Dashboard!$F$2="Todas",COUNTIF(Pedidos!$J$2:$J1000,D5),COUNTIFS(Pedidos!$J$2:$J1000,D5,Pedidos!$D$2:$D1000,Dashboard!$F$2)) -> 1 | G5: Centro-Oeste | H5: =COUNTIFS(Pedidos!$D$2:$D1000,G5,Pedidos!$J$2:$J1000,"Pendente em atraso") -> 0
A6: Valor dos pedidos não cancelados | B6: =IF(Dashboard!$F$2="Todas",SUMIF(Pedidos!H2:H1000,"<>Cancelado",Pedidos!E2:E1000),SUMIFS(Pedidos!E2:E1000,Pedidos!H2:H1000,"<>Cancelado",Pedidos!D2:D1000,Dashboard!$F$2)) -> 8430 | D6: Cancelado | E6: =IF(Dashboard!$F$2="Todas",COUNTIF(Pedidos!$J$2:$J1000,D6),COUNTIFS(Pedidos!$J$2:$J1000,D6,Pedidos!$D$2:$D1000,Dashboard!$F$2)) -> 1 | G6: Norte | H6: =COUNTIFS(Pedidos!$D$2:$D1000,G6,Pedidos!$J$2:$J1000,"Pendente em atraso") -> 0
A7: Entregas no prazo (%) | B7: =IFERROR(IF(Dashboard!$F$2="Todas",COUNTIF(Pedidos!J2:J1000,"Entregue no prazo"),COUNTIFS(Pedidos!J2:J1000,"Entregue no prazo",Pedidos!D2:D1000,Dashboard!$F$2))/B3,0) -> 0.625

Sheet Dashboard
B2: DASHBOARD DE PEDIDOS E ENTREGAS | E2: Região | F2: Todas
B3: ="Posição em "&TEXT(Listas!A2,"dd/mm/yyyy")&" | Região: "&F2&" | Dados fictícios" -> Posição em 28/02/2026 | Região: Todas | Dados fictícios
B5: Total de pedidos | E5: Pedidos entregues | H5: Pendentes em atraso
B6: =Analises!B2 -> 12 | E6: =Analises!B3 -> 8 | H6: =Analises!B4 -> 2
B8: Pedidos cancelados | E8: Valor não cancelado | H8: Entregas no prazo
B9: =Analises!B5 -> 1 | E9: =Analises!B6 -> 8430 | H9: =Analises!B7 -> 0.625

Sheet Sobre
A1: Item | B1: Descrição
A2: Projeto | B2: Dashboard de Pedidos e Entregas
A3: Autor | B3: Caio Siqueira
A4: Objetivo | B4: Acompanhar pedidos, entregas e atrasos por região.
A5: Fonte | B5: Dados fictícios criados para estudo e portfólio.
A6: Data de referência | B6: 46081
A7: Total de pedidos | B7: Quantidade de pedidos, incluindo cancelados.
A8: Pedidos entregues | B8: Pedidos com status Entregue.
A9: Pendentes em atraso | B9: Pedidos não entregues cuja data prevista já passou.
A10: Pedidos cancelados | B10: Pedidos com status Cancelado.
A11: Valor não cancelado | B11: Soma do valor dos pedidos não cancelados; inclui pedidos pendentes e não representa receita recebida.
A12: Entregas no prazo | B12: Percentual de entregas realizadas até a data prevista, considerando apenas os pedidos entregues.
A13: Filtro de região | B13: Atualiza os cartões e o gráfico de situações de entrega.
A14: Visão geral por região | B14: O gráfico de pendentes em atraso por região permanece mostrando todas as regiões.
A15: Limitação | B15: Base pequena e fictícia; não permite determinar as causas dos atrasos.
A17: Análise | B17: Resultado
A18: Entregas | B18: 8 dos 12 pedidos foram entregues. Desses 8, 5 chegaram no prazo e 3 com atraso.
A19: Pontualidade | B19: 62,50% dos pedidos entregues chegaram no prazo.
... A23: Próximo passo sugerido | B23: Investigar os motivos dos atrasos. A base disponível não permite determinar suas causas.
