Workbook
Name SlicerCache_Table_1_Col_4: #N/A
Name SlicerCache_Table_1_Col_11: #N/A

Sheet Pedidos
A1: Pedido | B1: Data_Pedido | C1: Cliente | D1: Regiao | E1: Valor_Pedido | F1: Data_Prevista | G1: Data_Entrega | H1: Status | I1: Dias_Atraso | J1: Situacao_Entrega | K1: Mes_Pedido
A2: 2001 | B2: 45662 | C2: Cliente A | D2: Sudeste | E2: 450 | F2: 45667 | G2: 45666 | H2: Entregue | I2: =IF(H2="Cancelado","",IF(G2<>"",MAX(G2-F2,0),MAX(Listas!$A$2-F2,0))) -> 0 | J2: =IF(H2="Cancelado","Cancelado",IF(G2<>"",IF(I2>0,"Entregue com atraso","Entregue no prazo"),IF(I2>0,"Pendente em atraso","Pendente no prazo"))) -> Entregue no prazo | K2: =DATE(YEAR(B2),MONTH(B2),1) -> 45658
A3: 2002 | B3: 45669 | C3: Cliente B | D3: Sul | E3: 780 | F3: 45675 | G3: 45677 | H3: Entregue | I3: =IF(H3="Cancelado","",IF(G3<>"",MAX(G3-F3,0),MAX(Listas!$A$2-F3,0))) -> 2 | J3: =IF(H3="Cancelado","Cancelado",IF(G3<>"",IF(I3>0,"Entregue com atraso","Entregue no prazo"),IF(I3>0,"Pendente em atraso","Pendente no prazo"))) -> Entregue com atraso | K3: =DATE(YEAR(B3),MONTH(B3),1) -> 45658
A4: 2003 | B4: 45679 | C4: Cliente C | D4: Nordeste | E4: 320 | F4: 45685 | G4: 45685 | H4: Entregue | I4: =IF(H4="Cancelado","",IF(G4<>"",MAX(G4-F4,0),MAX(Listas!$A$2-F4,0))) -> 0 | J4: =IF(H4="Cancelado","Cancelado",IF(G4<>"",IF(I4>0,"Entregue com atraso","Entregue no prazo"),IF(I4>0,"Pendente em atraso","Pendente no prazo"))) -> Entregue no prazo | K4: =DATE(YEAR(B4),MONTH(B4),1) -> 45658
A5: 2004 | B5: 45692 | C5: Cliente D | D5: Centro-Oeste | E5: 1200 | F5: 45699 | G5: 45698 | H5: Entregue | I5: =IF(H5="Cancelado","",IF(G5<>"",MAX(G5-F5,0),MAX(Listas!$A$2-F5,0))) -> 0 | J5: =IF(H5="Cancelado","Cancelado",IF(G5<>"",IF(I5>0,"Entregue com atraso","Entregue no prazo"),IF(I5>0,"Pendente em atraso","Pendente no prazo"))) -> Entregue no prazo | K5: =DATE(YEAR(B5),MONTH(B5),1) -> 45689
A6: 2005 | B6: 45701 | C6: Cliente E | D6: Norte | E6: 560 | F6: 45708 | G6: 45711 | H6: Entregue | I6: =IF(H6="Cancelado","",IF(G6<>"",MAX(G6-F6,0),MAX(Listas!$A$2-F6,0))) -> 3 | J6: =IF(H6="Cancelado","Cancelado",IF(G6<>"",IF(I6>0,"Entregue com atraso","Entregue no prazo"),IF(I6>0,"Pendente em atraso","Pendente no prazo"))) -> Entregue com atraso | K6: =DATE(YEAR(B6),MONTH(B6),1) -> 45689
A7: 2006 | B7: 45709 | C7: Cliente F | D7: Sudeste | E7: 890 | F7: 45716 | H7: Cancelado | I7: =IF(H7="Cancelado","",IF(G7<>"",MAX(G7-F7,0),MAX(Listas!$A$2-F7,0))) | J7: =IF(H7="Cancelado","Cancelado",IF(G7<>"",IF(I7>0,"Entregue com atraso","Entregue no prazo"),IF(I7>0,"Pendente em atraso","Pendente no prazo"))) -> Cancelado | K7: =DATE(YEAR(B7),MONTH(B7),1) -> 45689
A8: 2007 | B8: 45719 | C8: Cliente G | D8: Sul | E8: 650 | F8: 45726 | G8: 45726 | H8: Entregue | I8: =IF(H8="Cancelado","",IF(G8<>"",MAX(G8-F8,0),MAX(Listas!$A$2-F8,0))) -> 0 | J8: =IF(H8="Cancelado","Cancelado",IF(G8<>"",IF(I8>0,"Entregue com atraso","Entregue no prazo"),IF(I8>0,"Pendente em atraso","Pendente no prazo"))) -> Entregue no prazo | K8: =DATE(YEAR(B8),MONTH(B8),1) -> 45717
A9: 2008 | B9: 45730 | C9: Cliente H | D9: Nordeste | E9: 940 | F9: 45737 | G9: 45740 | H9: Entregue | I9: =IF(H9="Cancelado","",IF(G9<>"",MAX(G9-F9,0),MAX(Listas!$A$2-F9,0))) -> 3 | J9: =IF(H9="Cancelado","Cancelado",IF(G9<>"",IF(I9>0,"Entregue com atraso","Entregue no prazo"),IF(I9>0,"Pendente em atraso","Pendente no prazo"))) -> Entregue com atraso | K9: =DATE(YEAR(B9),MONTH(B9),1) -> 45717
A10: 2009 | B10: 45740 | C10: Cliente I | D10: Centro-Oeste | E10: 410 | F10: 45747 | G10: 45745 | H10: Entregue | I10: =IF(H10="Cancelado","",IF(G10<>"",MAX(G10-F10,0),MAX(Listas!$A$2-F10,0))) -> 0 | J10: =IF(H10="Cancelado","Cancelado",IF(G10<>"",IF(I10>0,"Entregue com atraso","Entregue no prazo"),IF(I10>0,"Pendente em atraso","Pendente no prazo"))) -> Entregue no prazo | K10: =DATE(YEAR(B10),MONTH(B10),1) -> 45717
A11: 2010 | B11: 45749 | C11: Cliente J | D11: Norte | E11: 1500 | F11: 45756 | G11: 45755 | H11: Entregue | I11: =IF(H11="Cancelado","",IF(G11<>"",MAX(G11-F11,0),MAX(Listas!$A$2-F11,0))) -> 0 | J11: =IF(H11="Cancelado","Cancelado",IF(G11<>"",IF(I11>0,"Entregue com atraso","Entregue no prazo"),IF(I11>0,"Pendente em atraso","Pendente no prazo"))) -> Entregue no prazo | K11: =DATE(YEAR(B11),MONTH(B11),1) -> 45748
A12: 2011 | B12: 45759 | C12: Cliente K | D12: Sudeste | E12: 730 | F12: 45766 | G12: 45768 | H12: Entregue | I12: =IF(H12="Cancelado","",IF(G12<>"",MAX(G12-F12,0),MAX(Listas!$A$2-F12,0))) -> 2 | J12: =IF(H12="Cancelado","Cancelado",IF(G12<>"",IF(I12>0,"Entregue com atraso","Entregue no prazo"),IF(I12>0,"Pendente em atraso","Pendente no prazo"))) -> Entregue com atraso | K12: =DATE(YEAR(B12),MONTH(B12),1) -> 45748
A13: 2012 | B13: 45770 | C13: Cliente L | D13: Sul | E13: 280 | F13: 45777 | H13: Cancelado | I13: =IF(H13="Cancelado","",IF(G13<>"",MAX(G13-F13,0),MAX(Listas!$A$2-F13,0))) | J13: =IF(H13="Cancelado","Cancelado",IF(G13<>"",IF(I13>0,"Entregue com atraso","Entregue no prazo"),IF(I13>0,"Pendente em atraso","Pendente no prazo"))) -> Cancelado | K13: =DATE(YEAR(B13),MONTH(B13),1) -> 45748
A14: 2013 | B14: 45782 | C14: Cliente A | D14: Nordeste | E14: 520 | F14: 45789 | G14: 45789 | H14: Entregue | I14: =IF(H14="Cancelado","",IF(G14<>"",MAX(G14-F14,0),MAX(Listas!$A$2-F14,0))) -> 0 | J14: =IF(H14="Cancelado","Cancelado",IF(G14<>"",IF(I14>0,"Entregue com atraso","Entregue no prazo"),IF(I14>0,"Pendente em atraso","Pendente no prazo"))) -> Entregue no prazo | K14: =DATE(YEAR(B14),MONTH(B14),1) -> 45778
A15: 2014 | B15: 45792 | C15: Cliente B | D15: Centro-Oeste | E15: 860 | F15: 45799 | G15: 45798 | H15: Entregue | I15: =IF(H15="Cancelado","",IF(G15<>"",MAX(G15-F15,0),MAX(Listas!$A$2-F15,0))) -> 0 | J15: =IF(H15="Cancelado","Cancelado",IF(G15<>"",IF(I15>0,"Entregue com atraso","Entregue no prazo"),IF(I15>0,"Pendente em atraso","Pendente no prazo"))) -> Entregue no prazo | K15: =DATE(YEAR(B15),MONTH(B15),1) -> 45778
A16: 2015 | B16: 45801 | C16: Cliente C | D16: Norte | E16: 1100 | F16: 45808 | G16: 45811 | H16: Entregue | I16: =IF(H16="Cancelado","",IF(G16<>"",MAX(G16-F16,0),MAX(Listas!$A$2-F16,0))) -> 3 | J16: =IF(H16="Cancelado","Cancelado",IF(G16<>"",IF(I16>0,"Entregue com atraso","Entregue no prazo"),IF(I16>0,"Pendente em atraso","Pendente no prazo"))) -> Entregue com atraso | K16: =DATE(YEAR(B16),MONTH(B16),1) -> 45778
A17: 2016 | B17: 45811 | C17: Cliente D | D17: Sudeste | E17: 1350 | F17: 45818 | G17: 45817 | H17: Entregue | I17: =IF(H17="Cancelado","",IF(G17<>"",MAX(G17-F17,0),MAX(Listas!$A$2-F17,0))) -> 0 | J17: =IF(H17="Cancelado","Cancelado",IF(G17<>"",IF(I17>0,"Entregue com atraso","Entregue no prazo"),IF(I17>0,"Pendente em atraso","Pendente no prazo"))) -> Entregue no prazo | K17: =DATE(YEAR(B17),MONTH(B17),1) -> 45809
A18: 2017 | B18: 45821 | C18: Cliente E | D18: Sul | E18: 470 | F18: 45828 | G18: 45830 | H18: Entregue | I18: =IF(H18="Cancelado","",IF(G18<>"",MAX(G18-F18,0),MAX(Listas!$A$2-F18,0))) -> 2 | J18: =IF(H18="Cancelado","Cancelado",IF(G18<>"",IF(I18>0,"Entregue com atraso","Entregue no prazo"),IF(I18>0,"Pendente em atraso","Pendente no prazo"))) -> Entregue com atraso | K18: =DATE(YEAR(B18),MONTH(B18),1) -> 45809
A19: 2018 | B19: 45831 | C19: Cliente F | D19: Nordeste | E19: 690 | F19: 45838 | G19: 45838 | H19: Entregue | I19: =IF(H19="Cancelado","",IF(G19<>"",MAX(G19-F19,0),MAX(Listas!$A$2-F19,0))) -> 0 | J19: =IF(H19="Cancelado","Cancelado",IF(G19<>"",IF(I19>0,"Entregue com atraso","Entregue no prazo"),IF(I19>0,"Pendente em atraso","Pendente no prazo"))) -> Entregue no prazo | K19: =DATE(YEAR(B19),MONTH(B19),1) -> 45809
A20: 2019 | B20: 45842 | C20: Cliente G | D20: Centro-Oeste | E20: 980 | F20: 45849 | G20: 45848 | H20: Entregue | I20: =IF(H20="Cancelado","",IF(G20<>"",MAX(G20-F20,0),MAX(Listas!$A$2-F20,0))) -> 0 | J20: =IF(H20="Cancelado","Cancelado",IF(G20<>"",IF(I20>0,"Entregue com atraso","Entregue no prazo"),IF(I20>0,"Pendente em atraso","Pendente no prazo"))) -> Entregue no prazo | K20: =DATE(YEAR(B20),MONTH(B20),1) -> 45839
A21: 2020 | B21: 45852 | C21: Cliente H | D21: Norte | E21: 1250 | F21: 45859 | G21: 45862 | H21: Entregue | I21: =IF(H21="Cancelado","",IF(G21<>"",MAX(G21-F21,0),MAX(Listas!$A$2-F21,0))) -> 3 | J21: =IF(H21="Cancelado","Cancelado",IF(G21<>"",IF(I21>0,"Entregue com atraso","Entregue no prazo"),IF(I21>0,"Pendente em atraso","Pendente no prazo"))) -> Entregue com atraso | K21: =DATE(YEAR(B21),MONTH(B21),1) -> 45839
A22: 2021 | B22: 45862 | C22: Cliente I | D22: Sudeste | E22: 380 | F22: 45869 | H22: Cancelado | I22: =IF(H22="Cancelado","",IF(G22<>"",MAX(G22-F22,0),MAX(Listas!$A$2-F22,0))) | J22: =IF(H22="Cancelado","Cancelado",IF(G22<>"",IF(I22>0,"Entregue com atraso","Entregue no prazo"),IF(I22>0,"Pendente em atraso","Pendente no prazo"))) -> Cancelado | K22: =DATE(YEAR(B22),MONTH(B22),1) -> 45839
A23: 2022 | B23: 45874 | C23: Cliente J | D23: Sul | E23: 1600 | F23: 45881 | G23: 45881 | H23: Entregue | I23: =IF(H23="Cancelado","",IF(G23<>"",MAX(G23-F23,0),MAX(Listas!$A$2-F23,0))) -> 0 | J23: =IF(H23="Cancelado","Cancelado",IF(G23<>"",IF(I23>0,"Entregue com atraso","Entregue no prazo"),IF(I23>0,"Pendente em atraso","Pendente no prazo"))) -> Entregue no prazo | K23: =DATE(YEAR(B23),MONTH(B23),1) -> 45870
A24: 2023 | B24: 45884 | C24: Cliente K | D24: Nordeste | E24: 820 | F24: 45891 | G24: 45890 | H24: Entregue | I24: =IF(H24="Cancelado","",IF(G24<>"",MAX(G24-F24,0),MAX(Listas!$A$2-F24,0))) -> 0 | J24: =IF(H24="Cancelado","Cancelado",IF(G24<>"",IF(I24>0,"Entregue com atraso","Entregue no prazo"),IF(I24>0,"Pendente em atraso","Pendente no prazo"))) -> Entregue no prazo | K24: =DATE(YEAR(B24),MONTH(B24),1) -> 45870
A25: 2024 | B25: 45893 | C25: Cliente L | D25: Centro-Oeste | E25: 590 | F25: 45900 | G25: 45902 | H25: Entregue | I25: =IF(H25="Cancelado","",IF(G25<>"",MAX(G25-F25,0),MAX(Listas!$A$2-F25,0))) -> 2 | J25: =IF(H25="Cancelado","Cancelado",IF(G25<>"",IF(I25>0,"Entregue com atraso","Entregue no prazo"),IF(I25>0,"Pendente em atraso","Pendente no prazo"))) -> Entregue com atraso | K25: =DATE(YEAR(B25),MONTH(B25),1) -> 45870
A26: 2025 | B26: 45903 | C26: Cliente A | D26: Norte | E26: 710 | F26: 45910 | G26: 45909 | H26: Entregue | I26: =IF(H26="Cancelado","",IF(G26<>"",MAX(G26-F26,0),MAX(Listas!$A$2-F26,0))) -> 0 | J26: =IF(H26="Cancelado","Cancelado",IF(G26<>"",IF(I26>0,"Entregue com atraso","Entregue no prazo"),IF(I26>0,"Pendente em atraso","Pendente no prazo"))) -> Entregue no prazo | K26: =DATE(YEAR(B26),MONTH(B26),1) -> 45901
A27: 2026 | B27: 45913 | C27: Cliente B | D27: Sudeste | E27: 1450 | F27: 45920 | G27: 45923 | H27: Entregue | I27: =IF(H27="Cancelado","",IF(G27<>"",MAX(G27-F27,0),MAX(Listas!$A$2-F27,0))) -> 3 | J27: =IF(H27="Cancelado","Cancelado",IF(G27<>"",IF(I27>0,"Entregue com atraso","Entregue no prazo"),IF(I27>0,"Pendente em atraso","Pendente no prazo"))) -> Entregue com atraso | K27: =DATE(YEAR(B27),MONTH(B27),1) -> 45901
A28: 2027 | B28: 45923 | C28: Cliente C | D28: Sul | E28: 930 | F28: 45930 | G28: 45930 | H28: Entregue | I28: =IF(H28="Cancelado","",IF(G28<>"",MAX(G28-F28,0),MAX(Listas!$A$2-F28,0))) -> 0 | J28: =IF(H28="Cancelado","Cancelado",IF(G28<>"",IF(I28>0,"Entregue com atraso","Entregue no prazo"),IF(I28>0,"Pendente em atraso","Pendente no prazo"))) -> Entregue no prazo | K28: =DATE(YEAR(B28),MONTH(B28),1) -> 45901
A29: 2028 | B29: 45934 | C29: Cliente D | D29: Nordeste | E29: 1180 | F29: 45941 | G29: 45940 | H29: Entregue | I29: =IF(H29="Cancelado","",IF(G29<>"",MAX(G29-F29,0),MAX(Listas!$A$2-F29,0))) -> 0 | J29: =IF(H29="Cancelado","Cancelado",IF(G29<>"",IF(I29>0,"Entregue com atraso","Entregue no prazo"),IF(I29>0,"Pendente em atraso","Pendente no prazo"))) -> Entregue no prazo | K29: =DATE(YEAR(B29),MONTH(B29),1) -> 45931
A30: 2029 | B30: 45944 | C30: Cliente E | D30: Centro-Oeste | E30: 640 | F30: 45951 | G30: 45953 | H30: Entregue | I30: =IF(H30="Cancelado","",IF(G30<>"",MAX(G30-F30,0),MAX(Listas!$A$2-F30,0))) -> 2 | J30: =IF(H30="Cancelado","Cancelado",IF(G30<>"",IF(I30>0,"Entregue com atraso","Entregue no prazo"),IF(I30>0,"Pendente em atraso","Pendente no prazo"))) -> Entregue com atraso | K30: =DATE(YEAR(B30),MONTH(B30),1) -> 45931
A31: 2030 | B31: 45954 | C31: Cliente F | D31: Norte | E31: 870 | F31: 45961 | H31: Cancelado | I31: =IF(H31="Cancelado","",IF(G31<>"",MAX(G31-F31,0),MAX(Listas!$A$2-F31,0))) | J31: =IF(H31="Cancelado","Cancelado",IF(G31<>"",IF(I31>0,"Entregue com atraso","Entregue no prazo"),IF(I31>0,"Pendente em atraso","Pendente no prazo"))) -> Cancelado | K31: =DATE(YEAR(B31),MONTH(B31),1) -> 45931
A32: 2031 | B32: 45966 | C32: Cliente G | D32: Sudeste | E32: 1720 | F32: 45973 | G32: 45973 | H32: Entregue | I32: =IF(H32="Cancelado","",IF(G32<>"",MAX(G32-F32,0),MAX(Listas!$A$2-F32,0))) -> 0 | J32: =IF(H32="Cancelado","Cancelado",IF(G32<>"",IF(I32>0,"Entregue com atraso","Entregue no prazo"),IF(I32>0,"Pendente em atraso","Pendente no prazo"))) -> Entregue no prazo | K32: =DATE(YEAR(B32),MONTH(B32),1) -> 45962
A33: 2032 | B33: 45976 | C33: Cliente H | D33: Sul | E33: 1050 | F33: 45983 | G33: 45986 | H33: Entregue | I33: =IF(H33="Cancelado","",IF(G33<>"",MAX(G33-F33,0),MAX(Listas!$A$2-F33,0))) -> 3 | J33: =IF(H33="Cancelado","Cancelado",IF(G33<>"",IF(I33>0,"Entregue com atraso","Entregue no prazo"),IF(I33>0,"Pendente em atraso","Pendente no prazo"))) -> Entregue com atraso | K33: =DATE(YEAR(B33),MONTH(B33),1) -> 45962
A34: 2033 | B34: 45984 | C34: Cliente I | D34: Nordeste | E34: 760 | F34: 45991 | G34: 45990 | H34: Entregue | I34: =IF(H34="Cancelado","",IF(G34<>"",MAX(G34-F34,0),MAX(Listas!$A$2-F34,0))) -> 0 | J34: =IF(H34="Cancelado","Cancelado",IF(G34<>"",IF(I34>0,"Entregue com atraso","Entregue no prazo"),IF(I34>0,"Pendente em atraso","Pendente no prazo"))) -> Entregue no prazo | K34: =DATE(YEAR(B34),MONTH(B34),1) -> 45962
A35: 2034 | B35: 46001 | C35: Cliente J | D35: Centro-Oeste | E35: 1900 | F35: 46008 | H35: Em transporte | I35: =IF(H35="Cancelado","",IF(G35<>"",MAX(G35-F35,0),MAX(Listas!$A$2-F35,0))) -> 14 | J35: =IF(H35="Cancelado","Cancelado",IF(G35<>"",IF(I35>0,"Entregue com atraso","Entregue no prazo"),IF(I35>0,"Pendente em atraso","Pendente no prazo"))) -> Pendente em atraso | K35: =DATE(YEAR(B35),MONTH(B35),1) -> 45992
A36: 2035 | B36: 46009 | C36: Cliente K | D36: Norte | E36: 1320 | F36: 46017 | H36: Em transporte | I36: =IF(H36="Cancelado","",IF(G36<>"",MAX(G36-F36,0),MAX(Listas!$A$2-F36,0))) -> 5 | J36: =IF(H36="Cancelado","Cancelado",IF(G36<>"",IF(I36>0,"Entregue com atraso","Entregue no prazo"),IF(I36>0,"Pendente em atraso","Pendente no prazo"))) -> Pendente em atraso | K36: =DATE(YEAR(B36),MONTH(B36),1) -> 45992
A37: 2036 | B37: 46018 | C37: Cliente L | D37: Sudeste | E37: 990 | F37: 46027 | H37: Em preparação | I37: =IF(H37="Cancelado","",IF(G37<>"",MAX(G37-F37,0),MAX(Listas!$A$2-F37,0))) -> 0 | J37: =IF(H37="Cancelado","Cancelado",IF(G37<>"",IF(I37>0,"Entregue com atraso","Entregue no prazo"),IF(I37>0,"Pendente em atraso","Pendente no prazo"))) -> Pendente no prazo | K37: =DATE(YEAR(B37),MONTH(B37),1) -> 45992

Sheet Dinamicas

Sheet Listas
A1: Data de referência | C1: Regioes
A2: 46022 | C2: Todas
C3: Sudeste
C4: Sul
C5: Nordeste
C6: Centro-Oeste
C7: Norte

Sheet Analises
A1: Indicador | B1: Valor | D1: Situacao | E1: Quantidade | G1: Regiao | H1: Pendentes_em_atraso
A2: Total de pedidos | B2: =IF(Dashboard!$F$2="Todas",COUNTA(Pedidos!A2:A1000),COUNTIF(Pedidos!D2:D1000,Dashboard!$F$2)) -> 36 | D2: Entregue no prazo | E2: =IF(Dashboard!$F$2="Todas",COUNTIF(Pedidos!$J$2:$J1000,D2),COUNTIFS(Pedidos!$J$2:$J1000,D2,Pedidos!$D$2:$D1000,Dashboard!$F$2)) -> 18 | G2: Sudeste | H2: =COUNTIFS(Pedidos!$D$2:$D1000,G2,Pedidos!$J$2:$J1000,"Pendente em atraso") -> 0
A3: Pedidos entregues | B3: =IF(Dashboard!$F$2="Todas",COUNTIF(Pedidos!H2:H1000,"Entregue"),COUNTIFS(Pedidos!H2:H1000,"Entregue",Pedidos!D2:D1000,Dashboard!$F$2)) -> 29 | D3: Entregue com atraso | E3: =IF(Dashboard!$F$2="Todas",COUNTIF(Pedidos!$J$2:$J1000,D3),COUNTIFS(Pedidos!$J$2:$J1000,D3,Pedidos!$D$2:$D1000,Dashboard!$F$2)) -> 11 | G3: Sul | H3: =COUNTIFS(Pedidos!$D$2:$D1000,G3,Pedidos!$J$2:$J1000,"Pendente em atraso") -> 0
A4: Pendentes em atraso | B4: =IF(Dashboard!$F$2="Todas",COUNTIF(Pedidos!J2:J1000,"Pendente em atraso"),COUNTIFS(Pedidos!J2:J1000,"Pendente em atraso",Pedidos!D2:D1000,Dashboard!$F$2)) -> 2 | D4: Pendente em atraso | E4: =IF(Dashboard!$F$2="Todas",COUNTIF(Pedidos!$J$2:$J1000,D4),COUNTIFS(Pedidos!$J$2:$J1000,D4,Pedidos!$D$2:$D1000,Dashboard!$F$2)) -> 2 | G4: Nordeste | H4: =COUNTIFS(Pedidos!$D$2:$D1000,G4,Pedidos!$J$2:$J1000,"Pendente em atraso") -> 0
A5: Pedidos cancelados | B5: =IF(Dashboard!$F$2="Todas",COUNTIF(Pedidos!H2:H1000,"Cancelado"),COUNTIFS(Pedidos!H2:H1000,"Cancelado",Pedidos!D2:D1000,Dashboard!$F$2)) -> 4 | D5: Pendente no prazo | E5: =IF(Dashboard!$F$2="Todas",COUNTIF(Pedidos!$J$2:$J1000,D5),COUNTIFS(Pedidos!$J$2:$J1000,D5,Pedidos!$D$2:$D1000,Dashboard!$F$2)) -> 1 | G5: Centro-Oeste | H5: =COUNTIFS(Pedidos!$D$2:$D1000,G5,Pedidos!$J$2:$J1000,"Pendente em atraso") -> 1
A6: Valor dos pedidos não cancelados | B6: =IF(Dashboard!$F$2="Todas",SUMIF(Pedidos!H2:H1000,"<>Cancelado",Pedidos!E2:E1000),SUMIFS(Pedidos!E2:E1000,Pedidos!H2:H1000,"<>Cancelado",Pedidos!D2:D1000,Dashboard!$F$2)) -> 30420 | D6: Cancelado | E6: =IF(Dashboard!$F$2="Todas",COUNTIF(Pedidos!$J$2:$J1000,D6),COUNTIFS(Pedidos!$J$2:$J1000,D6,Pedidos!$D$2:$D1000,Dashboard!$F$2)) -> 4 | G6: Norte | H6: =COUNTIFS(Pedidos!$D$2:$D1000,G6,Pedidos!$J$2:$J1000,"Pendente em atraso") -> 1
A7: Entregas no prazo (%) | B7: =IFERROR(IF(Dashboard!$F$2="Todas",COUNTIF(Pedidos!J2:J1000,"Entregue no prazo"),COUNTIFS(Pedidos!J2:J1000,"Entregue no prazo",Pedidos!D2:D1000,Dashboard!$F$2))/B3,0) -> 0.62068966

Sheet Dashboard
B2: DASHBOARD DE PEDIDOS E ENTREGAS | E2: Região | F2: Todas
B3: ="Posição em "&TEXT(Listas!A2,"dd/mm/yyyy")&" | Região: "&F2&" | Dados fictícios" -> Posição em 31/12/2025 | Região: Todas | Dados fictícios
B5: Total de pedidos | E5: Pedidos entregues | H5: Pendentes em atraso
B6: =Analises!B2 -> 36 | E6: =Analises!B3 -> 29 | H6: =Analises!B4 -> 2
B8: Pedidos cancelados | E8: Valor não cancelado | H8: Entregas no prazo
B9: =Analises!B5 -> 4 | E9: =Analises!B6 -> 30420 | H9: =Analises!B7 -> 0.62068966
B30: ANÁLISE POR TABELAS DINÂMICAS
B31: Para filtrar os gráficos abaixo, use as segmentações de região e mês na aba Dinamicas.

Sheet Sobre
A1: Item | B1: Descrição
A2: Projeto | B2: Dashboard de Pedidos e Entregas — V2
A3: Autor | B3: Caio Siqueira
A4: Objetivo | B4: Acompanhar pedidos, entregas e atrasos por região.
A5: Fonte | B5: 36 pedidos fictícios distribuídos de janeiro a dezembro de 2025.
A6: Data de referência | B6: 46022
A7: Total de pedidos | B7: Quantidade de pedidos, incluindo cancelados.
A8: Pedidos entregues | B8: Pedidos com status Entregue.
A9: Pendentes em atraso | B9: Pedidos não entregues cuja data prevista já passou.
A10: Pedidos cancelados | B10: Pedidos com status Cancelado.
A11: Valor não cancelado | B11: Soma do valor dos pedidos não cancelados; inclui pedidos pendentes e não representa receita recebida.
A12: Entregas no prazo | B12: Percentual de entregas realizadas até a data prevista, considerando apenas os pedidos entregues.
A13: Filtro de região | B13: O seletor do Dashboard atualiza os cartões e o gráfico de situações de entrega. As segmentações da aba Dinamicas filtram as tabelas dinâmicas e os dois gráficos de valores.
A14: Visão geral por região | B14: O gráfico de pendentes em atraso por região permanece mostrando todas as regiões.
A15: Limitação | B15: Base pequena e fictícia; não permite determinar as causas dos atrasos.
A17: Análise | B17: Resultado
A18: Entregas | B18: 29 dos 36 pedidos foram entregues: 18 no prazo e 11 com atraso.
A19: Pontualidade | B19: 62,07% dos pedidos entregues chegaram no prazo.
... A23: Próximo passo sugerido | B23: Investigar os motivos dos atrasos. Os dados fictícios disponíveis não permitem determinar suas causas.
